date_found,site,url,type,city,how_to_get_link,contact_email,status,notes
2026-09,PakBD,,directory,Pakistan,free listing,,done,already listed by Kashif
2026-09,BusinessList.pk,https://www.businesslist.pk,directory,Pakistan,free listing,,done,already listed by Kashif
2026-09,PkBizGuide,,directory,Pakistan,free listing,,done,already listed by Kashif
2026-09,Rehbar,,directory,Pakistan,free listing,,done,already listed by Kashif
2026-09,Enic,,directory,Pakistan,free listing,,done,already listed by Kashif
2026-09,Smart Biz Dir,,directory,Pakistan,free listing,,done,already listed by Kashif
2026-09,EjlaalDirectory,,directory,Pakistan,free listing,,done,already listed by Kashif
2026-09,UrduPoint Packers & Movers directory,https://www.urdupoint.com,niche directory,Pakistan,free listing,,done,already listed by Kashif
2026-09,BusinessBook.pk,https://www.businessbook.pk,niche directory,Pakistan,free listing,,done,already listed by Kashif
2026-09,Ruzave,,niche directory,Pakistan,free listing,,done,already listed by Kashif
2026-10-08,BizBranches.pk,https://bizbranches.pk/add,directory,Pakistan,free listing (no fees per site),,new,Active PK directory (2026); has Courier & Cargo category - pick closest category
2026-10-08,Lookup.pk,https://www.lookup.pk/dynamic/free-basic-listing.aspx,directory,Pakistan,free basic listing,,new,Long-running PK directory with Movers & Packers category by city
2026-10-08,MoveAdvisor,https://moveadvisor.com/biz/register/,niche directory,Pakistan (international site),free company account,,new,Moving-review site with Pakistan movers category; 11 competitors listed with website links; reviews stale since 2024; confirm PK companies accepted
2026-10-08,Expat.com business directory (Pakistan),https://www.expat.com/fr/entreprises/asie/pakistan/,expat directory,Karachi/Islamabad,"Add your business" button on directory,,new,Expat audience; Moving category incl. relocation agencies and pet transport; free/paid not confirmed; listings may not show website link
2026-10-08,Mustakbil.com,https://www.mustakbil.com/employers/free-job-posting,company profile (job portal),Pakistan,free employer account + company profile (only if actually hiring),,new,PK job portal since 2004; company profiles show website link (seen on myDawat profile)
2026-10-08,Startup.pk,https://startup.pk/publish-your-story/,guest post / founder story,Pakistan,email story pitch to editor,editor@startup.pk,draft ready,Active PK startup/SME news site (2026 posts); founder story since 2020
2026-10-08,PropertyDeals.pk,https://www.propertydeals.pk/write-for-us/,guest post,Karachi/Lahore/Islamabad,guest post with 1 dofollow bio link + 1 contextual link,propertydeals.pak@gmail.com,draft ready,PK property portal; page says email may be a placeholder - verify before sending
2026-10-08,The Pakistan Connect,https://thepakistanconnect.com/write-for-us/,guest post,Pakistan,lifestyle guest article,editor@thepakistanconnect.com,skipped,Could not verify real audience/recent articles - recheck later before pitching
2026-10-08,Listing.com.pk,https://listing.com.pk/our-packages,directory,Pakistan,paid Rs 249/yr basic listing,,skipped,Paid listing - not pursued
2026-10-08,Shehnai.pk,https://shehnai.pk/vendor-benefits/,wedding vendor directory,Pakistan,vendor registration,info@shehnai.pk,skipped,No moving/logistics vendor category (only vehicles/car rental)
